sample,eem_location,abs_location,dilution
B1S1S3_12072023,\\ad.ufl.edu/ifas/SFRC/Groups/Hydrology/Bradford_Forest_Project/Howley_Bradford_Streams/01_Raw_data/Aqualog_processing/projects/Bradford Streams/eem/01092024,//ad.ufl.edu/ifas/SFRC/Groups/Hydrology/Bradford_Forest_Project/Howley_Bradford_Streams/01_Raw_data/Aqualog_processing/projects/Bradford Streams/abs/01092024/B1S1S3_12072023.csv,12
B1S2S5_12072023,\\ad.ufl.edu/ifas/SFRC/Groups/Hydrology/Bradford_Forest_Project/Howley_Bradford_Streams/01_Raw_data/Aqualog_processing/projects/Bradford Streams/eem/01092024,//ad.ufl.edu/ifas/SFRC/Groups/Hydrology/Bradford_Forest_Project/Howley_Bradford_Streams/01_Raw_data/Aqualog_processing/projects/Bradford Streams/abs/01092024/B1S2S5_12072023.csv,12
B1S3S6_12072023,\\ad.ufl.edu/ifas/SFRC/Groups/Hydrology/Bradford_Forest_Project/Howley_Bradford_Streams/01_Raw_data/Aqualog_processing/projects/Bradford Streams/eem/01092024,//ad.ufl.edu/ifas/SFRC/Groups/Hydrology/Bradford_Forest_Project/Howley_Bradford_Streams/01_Raw_data/Aqualog_processing/projects/Bradford Streams/abs/01092024/B1S3S6_12072023.csv,12
B2S4S7_12072023,\\ad.ufl.edu/ifas/SFRC/Groups/Hydrology/Bradford_Forest_Project/Howley_Bradford_Streams/01_Raw_data/Aqualog_processing/projects/Bradford Streams/eem/01092024,//ad.ufl.edu/ifas/SFRC/Groups/Hydrology/Bradford_Forest_Project/Howley_Bradford_Streams/01_Raw_data/Aqualog_processing/projects/Bradford Streams/abs/01092024/B2S4S7_12072023.csv,12
B2S5S9_12072023,\\ad.ufl.edu/ifas/SFRC/Groups/Hydrology/Bradford_Forest_Project/Howley_Bradford_Streams/01_Raw_data/Aqualog_processing/projects/Bradford Streams/eem/01092024,//ad.ufl.edu/ifas/SFRC/Groups/Hydrology/Bradford_Forest_Project/Howley_Bradford_Streams/01_Raw_data/Aqualog_processing/projects/Bradford Streams/abs/01092024/B2S5S9_12072023.csv,12
B2S6S13_12072023,\\ad.ufl.edu/ifas/SFRC/Groups/Hydrology/Bradford_Forest_Project/Howley_Bradford_Streams/01_Raw_data/Aqualog_processing/projects/Bradford Streams/eem/01092024,//ad.ufl.edu/ifas/SFRC/Groups/Hydrology/Bradford_Forest_Project/Howley_Bradford_Streams/01_Raw_data/Aqualog_processing/projects/Bradford Streams/abs/01092024/B2S6S13_12072023.csv,12
B2S7S14_12072023,\\ad.ufl.edu/ifas/SFRC/Groups/Hydrology/Bradford_Forest_Project/Howley_Bradford_Streams/01_Raw_data/Aqualog_processing/projects/Bradford Streams/eem/01092024,//ad.ufl.edu/ifas/SFRC/Groups/Hydrology/Bradford_Forest_Project/Howley_Bradford_Streams/01_Raw_data/Aqualog_processing/projects/Bradford Streams/abs/01092024/B2S7S14_12072023.csv,12
B2S8S15_12072023,\\ad.ufl.edu/ifas/SFRC/Groups/Hydrology/Bradford_Forest_Project/Howley_Bradford_Streams/01_Raw_data/Aqualog_processing/projects/Bradford Streams/eem/01092024,//ad.ufl.edu/ifas/SFRC/Groups/Hydrology/Bradford_Forest_Project/Howley_Bradford_Streams/01_Raw_data/Aqualog_processing/projects/Bradford Streams/abs/01092024/B2S8S15_12072023.csv,12
B2S8S15_12072023_blank,\\ad.ufl.edu/ifas/SFRC/Groups/Hydrology/Bradford_Forest_Project/Howley_Bradford_Streams/01_Raw_data/Aqualog_processing/projects/Bradford Streams/eem/01092024,NA,1
B1S10S15_01152024,\\ad.ufl.edu/ifas/SFRC/Groups/Hydrology/Bradford_Forest_Project/Howley_Bradford_Streams/01_Raw_data/Aqualog_processing/projects/Bradford Streams/eem/01182024,//ad.ufl.edu/ifas/SFRC/Groups/Hydrology/Bradford_Forest_Project/Howley_Bradford_Streams/01_Raw_data/Aqualog_processing/projects/Bradford Streams/abs/01182024/B1S10S15_01152024.csv,11
B1S11S5a_01152024,\\ad.ufl.edu/ifas/SFRC/Groups/Hydrology/Bradford_Forest_Project/Howley_Bradford_Streams/01_Raw_data/Aqualog_processing/projects/Bradford Streams/eem/01182024,//ad.ufl.edu/ifas/SFRC/Groups/Hydrology/Bradford_Forest_Project/Howley_Bradford_Streams/01_Raw_data/Aqualog_processing/projects/Bradford Streams/abs/01182024/B1S11S5a_01152024.csv,11
B1S1S3_01152024,\\ad.ufl.edu/ifas/SFRC/Groups/Hydrology/Bradford_Forest_Project/Howley_Bradford_Streams/01_Raw_data/Aqualog_processing/projects/Bradford Streams/eem/01182024,//ad.ufl.edu/ifas/SFRC/Groups/Hydrology/Bradford_Forest_Project/Howley_Bradford_Streams/01_Raw_data/Aqualog_processing/projects/Bradford Streams/abs/01182024/B1S1S3_01152024.csv,11
B1S2S5_01152024,\\ad.ufl.edu/ifas/SFRC/Groups/Hydrology/Bradford_Forest_Project/Howley_Bradford_Streams/01_Raw_data/Aqualog_processing/projects/Bradford Streams/eem/01182024,//ad.ufl.edu/ifas/SFRC/Groups/Hydrology/Bradford_Forest_Project/Howley_Bradford_Streams/01_Raw_data/Aqualog_processing/projects/Bradford Streams/abs/01182024/B1S2S5_01152024.csv,11
B1S3S5a_01152024,\\ad.ufl.edu/ifas/SFRC/Groups/Hydrology/Bradford_Forest_Project/Howley_Bradford_Streams/01_Raw_data/Aqualog_processing/projects/Bradford Streams/eem/01182024,//ad.ufl.edu/ifas/SFRC/Groups/Hydrology/Bradford_Forest_Project/Howley_Bradford_Streams/01_Raw_data/Aqualog_processing/projects/Bradford Streams/abs/01182024/B1S3S5a_01152024.csv,11
B1S4S6_01152024,\\ad.ufl.edu/ifas/SFRC/Groups/Hydrology/Bradford_Forest_Project/Howley_Bradford_Streams/01_Raw_data/Aqualog_processing/projects/Bradford Streams/eem/01182024,//ad.ufl.edu/ifas/SFRC/Groups/Hydrology/Bradford_Forest_Project/Howley_Bradford_Streams/01_Raw_data/Aqualog_processing/projects/Bradford Streams/abs/01182024/B1S4S6_01152024.csv,11
B1S5S6a_01152024,\\ad.ufl.edu/ifas/SFRC/Groups/Hydrology/Bradford_Forest_Project/Howley_Bradford_Streams/01_Raw_data/Aqualog_processing/projects/Bradford Streams/eem/01182024,//ad.ufl.edu/ifas/SFRC/Groups/Hydrology/Bradford_Forest_Project/Howley_Bradford_Streams/01_Raw_data/Aqualog_processing/projects/Bradford Streams/abs/01182024/B1S5S6a_01152024.csv,11
B1S6S7_01152024,\\ad.ufl.edu/ifas/SFRC/Groups/Hydrology/Bradford_Forest_Project/Howley_Bradford_Streams/01_Raw_data/Aqualog_processing/projects/Bradford Streams/eem/01182024,//ad.ufl.edu/ifas/SFRC/Groups/Hydrology/Bradford_Forest_Project/Howley_Bradford_Streams/01_Raw_data/Aqualog_processing/projects/Bradford Streams/abs/01182024/B1S6S7_01152024.csv,11
B1S7S9_01152024,\\ad.ufl.edu/ifas/SFRC/Groups/Hydrology/Bradford_Forest_Project/Howley_Bradford_Streams/01_Raw_data/Aqualog_processing/projects/Bradford Streams/eem/01182024,//ad.ufl.edu/ifas/SFRC/Groups/Hydrology/Bradford_Forest_Project/Howley_Bradford_Streams/01_Raw_data/Aqualog_processing/projects/Bradford Streams/abs/01182024/B1S7S9_01152024.csv,11
B1S8S13_01152024,\\ad.ufl.edu/ifas/SFRC/Groups/Hydrology/Bradford_Forest_Project/Howley_Bradford_Streams/01_Raw_data/Aqualog_processing/projects/Bradford Streams/eem/01182024,//ad.ufl.edu/ifas/SFRC/Groups/Hydrology/Bradford_Forest_Project/Howley_Bradford_Streams/01_Raw_data/Aqualog_processing/projects/Bradford Streams/abs/01182024/B1S8S13_01152024.csv,11
B1S9S14_01152024,\\ad.ufl.edu/ifas/SFRC/Groups/Hydrology/Bradford_Forest_Project/Howley_Bradford_Streams/01_Raw_data/Aqualog_processing/projects/Bradford Streams/eem/01182024,//ad.ufl.edu/ifas/SFRC/Groups/Hydrology/Bradford_Forest_Project/Howley_Bradford_Streams/01_Raw_data/Aqualog_processing/projects/Bradford Streams/abs/01182024/B1S9S14_01152024.csv,11
B1S9S14_01152024_blank,\\ad.ufl.edu/ifas/SFRC/Groups/Hydrology/Bradford_Forest_Project/Howley_Bradford_Streams/01_Raw_data/Aqualog_processing/projects/Bradford Streams/eem/01182024,NA,1
B1S1S3_02082024,\\ad.ufl.edu/ifas/SFRC/Groups/Hydrology/Bradford_Forest_Project/Howley_Bradford_Streams/01_Raw_data/Aqualog_processing/projects/Bradford Streams/eem/02132024,//ad.ufl.edu/ifas/SFRC/Groups/Hydrology/Bradford_Forest_Project/Howley_Bradford_Streams/01_Raw_data/Aqualog_processing/projects/Bradford Streams/abs/02132024/B1S1S3_02082024.csv,11
B1S2S5_02082024,\\ad.ufl.edu/ifas/SFRC/Groups/Hydrology/Bradford_Forest_Project/Howley_Bradford_Streams/01_Raw_data/Aqualog_processing/projects/Bradford Streams/eem/02132024,//ad.ufl.edu/ifas/SFRC/Groups/Hydrology/Bradford_Forest_Project/Howley_Bradford_Streams/01_Raw_data/Aqualog_processing/projects/Bradford Streams/abs/02132024/B1S2S5_02082024.csv,11
B1S3S5a_02082024,\\ad.ufl.edu/ifas/SFRC/Groups/Hydrology/Bradford_Forest_Project/Howley_Bradford_Streams/01_Raw_data/Aqualog_processing/projects/Bradford Streams/eem/02132024,//ad.ufl.edu/ifas/SFRC/Groups/Hydrology/Bradford_Forest_Project/Howley_Bradford_Streams/01_Raw_data/Aqualog_processing/projects/Bradford Streams/abs/02132024/B1S3S5a_02082024.csv,11
B1S4S6_02082024,\\ad.ufl.edu/ifas/SFRC/Groups/Hydrology/Bradford_Forest_Project/Howley_Bradford_Streams/01_Raw_data/Aqualog_processing/projects/Bradford Streams/eem/02132024,//ad.ufl.edu/ifas/SFRC/Groups/Hydrology/Bradford_Forest_Project/Howley_Bradford_Streams/01_Raw_data/Aqualog_processing/projects/Bradford Streams/abs/02132024/B1S4S6_02082024.csv,11
B1S5S6a_02082024,\\ad.ufl.edu/ifas/SFRC/Groups/Hydrology/Bradford_Forest_Project/Howley_Bradford_Streams/01_Raw_data/Aqualog_processing/projects/Bradford Streams/eem/02132024,//ad.ufl.edu/ifas/SFRC/Groups/Hydrology/Bradford_Forest_Project/Howley_Bradford_Streams/01_Raw_data/Aqualog_processing/projects/Bradford Streams/abs/02132024/B1S5S6a_02082024.csv,11
B2S10S15_02082024,\\ad.ufl.edu/ifas/SFRC/Groups/Hydrology/Bradford_Forest_Project/Howley_Bradford_Streams/01_Raw_data/Aqualog_processing/projects/Bradford Streams/eem/02132024,//ad.ufl.edu/ifas/SFRC/Groups/Hydrology/Bradford_Forest_Project/Howley_Bradford_Streams/01_Raw_data/Aqualog_processing/projects/Bradford Streams/abs/02132024/B2S10S15_02082024.csv,11
B2S6S7_02082024,\\ad.ufl.edu/ifas/SFRC/Groups/Hydrology/Bradford_Forest_Project/Howley_Bradford_Streams/01_Raw_data/Aqualog_processing/projects/Bradford Streams/eem/02132024,//ad.ufl.edu/ifas/SFRC/Groups/Hydrology/Bradford_Forest_Project/Howley_Bradford_Streams/01_Raw_data/Aqualog_processing/projects/Bradford Streams/abs/02132024/B2S6S7_02082024.csv,11
B2S7S9_02082024,\\ad.ufl.edu/ifas/SFRC/Groups/Hydrology/Bradford_Forest_Project/Howley_Bradford_Streams/01_Raw_data/Aqualog_processing/projects/Bradford Streams/eem/02132024,//ad.ufl.edu/ifas/SFRC/Groups/Hydrology/Bradford_Forest_Project/Howley_Bradford_Streams/01_Raw_data/Aqualog_processing/projects/Bradford Streams/abs/02132024/B2S7S9_02082024.csv,11
B2S8S13_02082024,\\ad.ufl.edu/ifas/SFRC/Groups/Hydrology/Bradford_Forest_Project/Howley_Bradford_Streams/01_Raw_data/Aqualog_processing/projects/Bradford Streams/eem/02132024,//ad.ufl.edu/ifas/SFRC/Groups/Hydrology/Bradford_Forest_Project/Howley_Bradford_Streams/01_Raw_data/Aqualog_processing/projects/Bradford Streams/abs/02132024/B2S8S13_02082024.csv,11
B2S9S14_02082024,\\ad.ufl.edu/ifas/SFRC/Groups/Hydrology/Bradford_Forest_Project/Howley_Bradford_Streams/01_Raw_data/Aqualog_processing/projects/Bradford Streams/eem/02132024,//ad.ufl.edu/ifas/SFRC/Groups/Hydrology/Bradford_Forest_Project/Howley_Bradford_Streams/01_Raw_data/Aqualog_processing/projects/Bradford Streams/abs/02132024/B2S9S14_02082024.csv,11
B2S9S14_02082024_blank,\\ad.ufl.edu/ifas/SFRC/Groups/Hydrology/Bradford_Forest_Project/Howley_Bradford_Streams/01_Raw_data/Aqualog_processing/projects/Bradford Streams/eem/02132024,NA,1
B1S10S15_03042024,\\ad.ufl.edu/ifas/SFRC/Groups/Hydrology/Bradford_Forest_Project/Howley_Bradford_Streams/01_Raw_data/Aqualog_processing/projects/Bradford Streams/eem/03082024,//ad.ufl.edu/ifas/SFRC/Groups/Hydrology/Bradford_Forest_Project/Howley_Bradford_Streams/01_Raw_data/Aqualog_processing/projects/Bradford Streams/abs/03082024/B1S10S15_03042024.csv,6
B1S1S3_03042024,\\ad.ufl.edu/ifas/SFRC/Groups/Hydrology/Bradford_Forest_Project/Howley_Bradford_Streams/01_Raw_data/Aqualog_processing/projects/Bradford Streams/eem/03082024,//ad.ufl.edu/ifas/SFRC/Groups/Hydrology/Bradford_Forest_Project/Howley_Bradford_Streams/01_Raw_data/Aqualog_processing/projects/Bradford Streams/abs/03082024/B1S1S3_03042024.csv,6
B1S2S5_03042024,\\ad.ufl.edu/ifas/SFRC/Groups/Hydrology/Bradford_Forest_Project/Howley_Bradford_Streams/01_Raw_data/Aqualog_processing/projects/Bradford Streams/eem/03082024,//ad.ufl.edu/ifas/SFRC/Groups/Hydrology/Bradford_Forest_Project/Howley_Bradford_Streams/01_Raw_data/Aqualog_processing/projects/Bradford Streams/abs/03082024/B1S2S5_03042024.csv,6
B1S3S5a_03042024,\\ad.ufl.edu/ifas/SFRC/Groups/Hydrology/Bradford_Forest_Project/Howley_Bradford_Streams/01_Raw_data/Aqualog_processing/projects/Bradford Streams/eem/03082024,//ad.ufl.edu/ifas/SFRC/Groups/Hydrology/Bradford_Forest_Project/Howley_Bradford_Streams/01_Raw_data/Aqualog_processing/projects/Bradford Streams/abs/03082024/B1S3S5a_03042024.csv,6
B1S4S6_03042024,\\ad.ufl.edu/ifas/SFRC/Groups/Hydrology/Bradford_Forest_Project/Howley_Bradford_Streams/01_Raw_data/Aqualog_processing/projects/Bradford Streams/eem/03082024,//ad.ufl.edu/ifas/SFRC/Groups/Hydrology/Bradford_Forest_Project/Howley_Bradford_Streams/01_Raw_data/Aqualog_processing/projects/Bradford Streams/abs/03082024/B1S4S6_03042024.csv,6
B1S5S6a_03042024,\\ad.ufl.edu/ifas/SFRC/Groups/Hydrology/Bradford_Forest_Project/Howley_Bradford_Streams/01_Raw_data/Aqualog_processing/projects/Bradford Streams/eem/03082024,//ad.ufl.edu/ifas/SFRC/Groups/Hydrology/Bradford_Forest_Project/Howley_Bradford_Streams/01_Raw_data/Aqualog_processing/projects/Bradford Streams/abs/03082024/B1S5S6a_03042024.csv,6
B1S6S7_03042024,\\ad.ufl.edu/ifas/SFRC/Groups/Hydrology/Bradford_Forest_Project/Howley_Bradford_Streams/01_Raw_data/Aqualog_processing/projects/Bradford Streams/eem/03082024,//ad.ufl.edu/ifas/SFRC/Groups/Hydrology/Bradford_Forest_Project/Howley_Bradford_Streams/01_Raw_data/Aqualog_processing/projects/Bradford Streams/abs/03082024/B1S6S7_03042024.csv,6
B1S7S9_03042024,\\ad.ufl.edu/ifas/SFRC/Groups/Hydrology/Bradford_Forest_Project/Howley_Bradford_Streams/01_Raw_data/Aqualog_processing/projects/Bradford Streams/eem/03082024,//ad.ufl.edu/ifas/SFRC/Groups/Hydrology/Bradford_Forest_Project/Howley_Bradford_Streams/01_Raw_data/Aqualog_processing/projects/Bradford Streams/abs/03082024/B1S7S9_03042024.csv,6
B1S8S13_03042024,\\ad.ufl.edu/ifas/SFRC/Groups/Hydrology/Bradford_Forest_Project/Howley_Bradford_Streams/01_Raw_data/Aqualog_processing/projects/Bradford Streams/eem/03082024,//ad.ufl.edu/ifas/SFRC/Groups/Hydrology/Bradford_Forest_Project/Howley_Bradford_Streams/01_Raw_data/Aqualog_processing/projects/Bradford Streams/abs/03082024/B1S8S13_03042024.csv,6
B1S9S14_03042024,\\ad.ufl.edu/ifas/SFRC/Groups/Hydrology/Bradford_Forest_Project/Howley_Bradford_Streams/01_Raw_data/Aqualog_processing/projects/Bradford Streams/eem/03082024,//ad.ufl.edu/ifas/SFRC/Groups/Hydrology/Bradford_Forest_Project/Howley_Bradford_Streams/01_Raw_data/Aqualog_processing/projects/Bradford Streams/abs/03082024/B1S9S14_03042024.csv,6
B1S9S14_03042024_blank,\\ad.ufl.edu/ifas/SFRC/Groups/Hydrology/Bradford_Forest_Project/Howley_Bradford_Streams/01_Raw_data/Aqualog_processing/projects/Bradford Streams/eem/03082024,NA,1
B1S1S3_03252024,\\ad.ufl.edu/ifas/SFRC/Groups/Hydrology/Bradford_Forest_Project/Howley_Bradford_Streams/01_Raw_data/Aqualog_processing/projects/Bradford Streams/eem/03272024,//ad.ufl.edu/ifas/SFRC/Groups/Hydrology/Bradford_Forest_Project/Howley_Bradford_Streams/01_Raw_data/Aqualog_processing/projects/Bradford Streams/abs/03272024/B1S1S3_03252024.csv,6
B1S2S5_03252024,\\ad.ufl.edu/ifas/SFRC/Groups/Hydrology/Bradford_Forest_Project/Howley_Bradford_Streams/01_Raw_data/Aqualog_processing/projects/Bradford Streams/eem/03272024,//ad.ufl.edu/ifas/SFRC/Groups/Hydrology/Bradford_Forest_Project/Howley_Bradford_Streams/01_Raw_data/Aqualog_processing/projects/Bradford Streams/abs/03272024/B1S2S5_03252024.csv,6
B1S3S5a_03252024,\\ad.ufl.edu/ifas/SFRC/Groups/Hydrology/Bradford_Forest_Project/Howley_Bradford_Streams/01_Raw_data/Aqualog_processing/projects/Bradford Streams/eem/03272024,//ad.ufl.edu/ifas/SFRC/Groups/Hydrology/Bradford_Forest_Project/Howley_Bradford_Streams/01_Raw_data/Aqualog_processing/projects/Bradford Streams/abs/03272024/B1S3S5a_03252024.csv,6
B1S4S6_03252024,\\ad.ufl.edu/ifas/SFRC/Groups/Hydrology/Bradford_Forest_Project/Howley_Bradford_Streams/01_Raw_data/Aqualog_processing/projects/Bradford Streams/eem/03272024,//ad.ufl.edu/ifas/SFRC/Groups/Hydrology/Bradford_Forest_Project/Howley_Bradford_Streams/01_Raw_data/Aqualog_processing/projects/Bradford Streams/abs/03272024/B1S4S6_03252024.csv,6
B1S5S6a_03252024,\\ad.ufl.edu/ifas/SFRC/Groups/Hydrology/Bradford_Forest_Project/Howley_Bradford_Streams/01_Raw_data/Aqualog_processing/projects/Bradford Streams/eem/03272024,//ad.ufl.edu/ifas/SFRC/Groups/Hydrology/Bradford_Forest_Project/Howley_Bradford_Streams/01_Raw_data/Aqualog_processing/projects/Bradford Streams/abs/03272024/B1S5S6a_03252024.csv,6
B1S6S7_03252024,\\ad.ufl.edu/ifas/SFRC/Groups/Hydrology/Bradford_Forest_Project/Howley_Bradford_Streams/01_Raw_data/Aqualog_processing/projects/Bradford Streams/eem/03272024,//ad.ufl.edu/ifas/SFRC/Groups/Hydrology/Bradford_Forest_Project/Howley_Bradford_Streams/01_Raw_data/Aqualog_processing/projects/Bradford Streams/abs/03272024/B1S6S7_03252024.csv,6
B1S7S9_03252024,\\ad.ufl.edu/ifas/SFRC/Groups/Hydrology/Bradford_Forest_Project/Howley_Bradford_Streams/01_Raw_data/Aqualog_processing/projects/Bradford Streams/eem/03272024,//ad.ufl.edu/ifas/SFRC/Groups/Hydrology/Bradford_Forest_Project/Howley_Bradford_Streams/01_Raw_data/Aqualog_processing/projects/Bradford Streams/abs/03272024/B1S7S9_03252024.csv,6
B1S8S13_03252024,\\ad.ufl.edu/ifas/SFRC/Groups/Hydrology/Bradford_Forest_Project/Howley_Bradford_Streams/01_Raw_data/Aqualog_processing/projects/Bradford Streams/eem/03272024,//ad.ufl.edu/ifas/SFRC/Groups/Hydrology/Bradford_Forest_Project/Howley_Bradford_Streams/01_Raw_data/Aqualog_processing/projects/Bradford Streams/abs/03272024/B1S8S13_03252024.csv,6
B1S9S15_03252024,\\ad.ufl.edu/ifas/SFRC/Groups/Hydrology/Bradford_Forest_Project/Howley_Bradford_Streams/01_Raw_data/Aqualog_processing/projects/Bradford Streams/eem/03272024,//ad.ufl.edu/ifas/SFRC/Groups/Hydrology/Bradford_Forest_Project/Howley_Bradford_Streams/01_Raw_data/Aqualog_processing/projects/Bradford Streams/abs/03272024/B1S9S15_03252024.csv,6
B1S9S15_03252024_blank,\\ad.ufl.edu/ifas/SFRC/Groups/Hydrology/Bradford_Forest_Project/Howley_Bradford_Streams/01_Raw_data/Aqualog_processing/projects/Bradford Streams/eem/03272024,NA,1
B1S1S3_07042023,\\ad.ufl.edu/ifas/SFRC/Groups/Hydrology/Bradford_Forest_Project/Howley_Bradford_Streams/01_Raw_data/Aqualog_processing/projects/Bradford Streams/eem/07262023,//ad.ufl.edu/ifas/SFRC/Groups/Hydrology/Bradford_Forest_Project/Howley_Bradford_Streams/01_Raw_data/Aqualog_processing/projects/Bradford Streams/abs/07262023/B1S1S3_07042023.csv,12
B1S2S5_07042023,\\ad.ufl.edu/ifas/SFRC/Groups/Hydrology/Bradford_Forest_Project/Howley_Bradford_Streams/01_Raw_data/Aqualog_processing/projects/Bradford Streams/eem/07262023,//ad.ufl.edu/ifas/SFRC/Groups/Hydrology/Bradford_Forest_Project/Howley_Bradford_Streams/01_Raw_data/Aqualog_processing/projects/Bradford Streams/abs/07262023/B1S2S5_07042023.csv,12
B1S2S6_07072023,\\ad.ufl.edu/ifas/SFRC/Groups/Hydrology/Bradford_Forest_Project/Howley_Bradford_Streams/01_Raw_data/Aqualog_processing/projects/Bradford Streams/eem/07262023,//ad.ufl.edu/ifas/SFRC/Groups/Hydrology/Bradford_Forest_Project/Howley_Bradford_Streams/01_Raw_data/Aqualog_processing/projects/Bradford Streams/abs/07262023/B1S2S6_07072023.csv,12
B1S3S5a_07042023,\\ad.ufl.edu/ifas/SFRC/Groups/Hydrology/Bradford_Forest_Project/Howley_Bradford_Streams/01_Raw_data/Aqualog_processing/projects/Bradford Streams/eem/07262023,//ad.ufl.edu/ifas/SFRC/Groups/Hydrology/Bradford_Forest_Project/Howley_Bradford_Streams/01_Raw_data/Aqualog_processing/projects/Bradford Streams/abs/07262023/B1S3S5a_07042023.csv,12
B1S3S6a_07072023,\\ad.ufl.edu/ifas/SFRC/Groups/Hydrology/Bradford_Forest_Project/Howley_Bradford_Streams/01_Raw_data/Aqualog_processing/projects/Bradford Streams/eem/07262023,//ad.ufl.edu/ifas/SFRC/Groups/Hydrology/Bradford_Forest_Project/Howley_Bradford_Streams/01_Raw_data/Aqualog_processing/projects/Bradford Streams/abs/07262023/B1S3S6a_07072023.csv,12
B2S10S15_07042023,\\ad.ufl.edu/ifas/SFRC/Groups/Hydrology/Bradford_Forest_Project/Howley_Bradford_Streams/01_Raw_data/Aqualog_processing/projects/Bradford Streams/eem/07262023,//ad.ufl.edu/ifas/SFRC/Groups/Hydrology/Bradford_Forest_Project/Howley_Bradford_Streams/01_Raw_data/Aqualog_processing/projects/Bradford Streams/abs/07262023/B2S10S15_07042023.csv,12
B2S4S7_07072023,\\ad.ufl.edu/ifas/SFRC/Groups/Hydrology/Bradford_Forest_Project/Howley_Bradford_Streams/01_Raw_data/Aqualog_processing/projects/Bradford Streams/eem/07262023,//ad.ufl.edu/ifas/SFRC/Groups/Hydrology/Bradford_Forest_Project/Howley_Bradford_Streams/01_Raw_data/Aqualog_processing/projects/Bradford Streams/abs/07262023/B2S4S7_07072023.csv,12
B2S5S9_07072023,\\ad.ufl.edu/ifas/SFRC/Groups/Hydrology/Bradford_Forest_Project/Howley_Bradford_Streams/01_Raw_data/Aqualog_processing/projects/Bradford Streams/eem/07262023,//ad.ufl.edu/ifas/SFRC/Groups/Hydrology/Bradford_Forest_Project/Howley_Bradford_Streams/01_Raw_data/Aqualog_processing/projects/Bradford Streams/abs/07262023/B2S5S9_07072023.csv,12
B2S8S13_07072023,\\ad.ufl.edu/ifas/SFRC/Groups/Hydrology/Bradford_Forest_Project/Howley_Bradford_Streams/01_Raw_data/Aqualog_processing/projects/Bradford Streams/eem/07262023,//ad.ufl.edu/ifas/SFRC/Groups/Hydrology/Bradford_Forest_Project/Howley_Bradford_Streams/01_Raw_data/Aqualog_processing/projects/Bradford Streams/abs/07262023/B2S8S13_07072023.csv,12
B2S9S14_07042023,\\ad.ufl.edu/ifas/SFRC/Groups/Hydrology/Bradford_Forest_Project/Howley_Bradford_Streams/01_Raw_data/Aqualog_processing/projects/Bradford Streams/eem/07262023,//ad.ufl.edu/ifas/SFRC/Groups/Hydrology/Bradford_Forest_Project/Howley_Bradford_Streams/01_Raw_data/Aqualog_processing/projects/Bradford Streams/abs/07262023/B2S9S14_07042023.csv,12
B2S9S14_07042023_blank,\\ad.ufl.edu/ifas/SFRC/Groups/Hydrology/Bradford_Forest_Project/Howley_Bradford_Streams/01_Raw_data/Aqualog_processing/projects/Bradford Streams/eem/07262023,NA,1
B1S1S3_08022023,\\ad.ufl.edu/ifas/SFRC/Groups/Hydrology/Bradford_Forest_Project/Howley_Bradford_Streams/01_Raw_data/Aqualog_processing/projects/Bradford Streams/eem/08222023,//ad.ufl.edu/ifas/SFRC/Groups/Hydrology/Bradford_Forest_Project/Howley_Bradford_Streams/01_Raw_data/Aqualog_processing/projects/Bradford Streams/abs/08222023/B1S1S3_08022023.csv,6
B1S2S5_08022023,\\ad.ufl.edu/ifas/SFRC/Groups/Hydrology/Bradford_Forest_Project/Howley_Bradford_Streams/01_Raw_data/Aqualog_processing/projects/Bradford Streams/eem/08222023,//ad.ufl.edu/ifas/SFRC/Groups/Hydrology/Bradford_Forest_Project/Howley_Bradford_Streams/01_Raw_data/Aqualog_processing/projects/Bradford Streams/abs/08222023/B1S2S5_08022023.csv,6
B1S3S5a_08022023,\\ad.ufl.edu/ifas/SFRC/Groups/Hydrology/Bradford_Forest_Project/Howley_Bradford_Streams/01_Raw_data/Aqualog_processing/projects/Bradford Streams/eem/08222023,//ad.ufl.edu/ifas/SFRC/Groups/Hydrology/Bradford_Forest_Project/Howley_Bradford_Streams/01_Raw_data/Aqualog_processing/projects/Bradford Streams/abs/08222023/B1S3S5a_08022023.csv,6
B2S4S6_08022023,\\ad.ufl.edu/ifas/SFRC/Groups/Hydrology/Bradford_Forest_Project/Howley_Bradford_Streams/01_Raw_data/Aqualog_processing/projects/Bradford Streams/eem/08222023,//ad.ufl.edu/ifas/SFRC/Groups/Hydrology/Bradford_Forest_Project/Howley_Bradford_Streams/01_Raw_data/Aqualog_processing/projects/Bradford Streams/abs/08222023/B2S4S6_08022023.csv,6
B2S5S6a_08022023,\\ad.ufl.edu/ifas/SFRC/Groups/Hydrology/Bradford_Forest_Project/Howley_Bradford_Streams/01_Raw_data/Aqualog_processing/projects/Bradford Streams/eem/08222023,//ad.ufl.edu/ifas/SFRC/Groups/Hydrology/Bradford_Forest_Project/Howley_Bradford_Streams/01_Raw_data/Aqualog_processing/projects/Bradford Streams/abs/08222023/B2S5S6a_08022023.csv,6
B2S6S7_08022023,\\ad.ufl.edu/ifas/SFRC/Groups/Hydrology/Bradford_Forest_Project/Howley_Bradford_Streams/01_Raw_data/Aqualog_processing/projects/Bradford Streams/eem/08222023,//ad.ufl.edu/ifas/SFRC/Groups/Hydrology/Bradford_Forest_Project/Howley_Bradford_Streams/01_Raw_data/Aqualog_processing/projects/Bradford Streams/abs/08222023/B2S6S7_08022023.csv,6
B3S7S9_08022023,\\ad.ufl.edu/ifas/SFRC/Groups/Hydrology/Bradford_Forest_Project/Howley_Bradford_Streams/01_Raw_data/Aqualog_processing/projects/Bradford Streams/eem/08222023,//ad.ufl.edu/ifas/SFRC/Groups/Hydrology/Bradford_Forest_Project/Howley_Bradford_Streams/01_Raw_data/Aqualog_processing/projects/Bradford Streams/abs/08222023/B3S7S9_08022023.csv,6
B3S8S13_08022023,\\ad.ufl.edu/ifas/SFRC/Groups/Hydrology/Bradford_Forest_Project/Howley_Bradford_Streams/01_Raw_data/Aqualog_processing/projects/Bradford Streams/eem/08222023,//ad.ufl.edu/ifas/SFRC/Groups/Hydrology/Bradford_Forest_Project/Howley_Bradford_Streams/01_Raw_data/Aqualog_processing/projects/Bradford Streams/abs/08222023/B3S8S13_08022023.csv,6
B3S9S14_08022023,\\ad.ufl.edu/ifas/SFRC/Groups/Hydrology/Bradford_Forest_Project/Howley_Bradford_Streams/01_Raw_data/Aqualog_processing/projects/Bradford Streams/eem/08222023,//ad.ufl.edu/ifas/SFRC/Groups/Hydrology/Bradford_Forest_Project/Howley_Bradford_Streams/01_Raw_data/Aqualog_processing/projects/Bradford Streams/abs/08222023/B3S9S14_08022023.csv,6
B3S9S14_08022023_blank,\\ad.ufl.edu/ifas/SFRC/Groups/Hydrology/Bradford_Forest_Project/Howley_Bradford_Streams/01_Raw_data/Aqualog_processing/projects/Bradford Streams/eem/08222023,NA,1
B1S1S3_09082023,\\ad.ufl.edu/ifas/SFRC/Groups/Hydrology/Bradford_Forest_Project/Howley_Bradford_Streams/01_Raw_data/Aqualog_processing/projects/Bradford Streams/eem/10202023,//ad.ufl.edu/ifas/SFRC/Groups/Hydrology/Bradford_Forest_Project/Howley_Bradford_Streams/01_Raw_data/Aqualog_processing/projects/Bradford Streams/abs/10202023/B1S1S3_09082023.csv,6
B1S2S5_09082023,\\ad.ufl.edu/ifas/SFRC/Groups/Hydrology/Bradford_Forest_Project/Howley_Bradford_Streams/01_Raw_data/Aqualog_processing/projects/Bradford Streams/eem/10202023,//ad.ufl.edu/ifas/SFRC/Groups/Hydrology/Bradford_Forest_Project/Howley_Bradford_Streams/01_Raw_data/Aqualog_processing/projects/Bradford Streams/abs/10202023/B1S2S5_09082023.csv,6
B1S2s9_09082023,\\ad.ufl.edu/ifas/SFRC/Groups/Hydrology/Bradford_Forest_Project/Howley_Bradford_Streams/01_Raw_data/Aqualog_processing/projects/Bradford Streams/eem/10202023,//ad.ufl.edu/ifas/SFRC/Groups/Hydrology/Bradford_Forest_Project/Howley_Bradford_Streams/01_Raw_data/Aqualog_processing/projects/Bradford Streams/abs/10202023/B1S2s9_09082023.csv,6
B1S3S3_09292023,\\ad.ufl.edu/ifas/SFRC/Groups/Hydrology/Bradford_Forest_Project/Howley_Bradford_Streams/01_Raw_data/Aqualog_processing/projects/Bradford Streams/eem/10202023,//ad.ufl.edu/ifas/SFRC/Groups/Hydrology/Bradford_Forest_Project/Howley_Bradford_Streams/01_Raw_data/Aqualog_processing/projects/Bradford Streams/abs/10202023/B1S3S3_09292023.csv,6
B1S3S5a_09082023,\\ad.ufl.edu/ifas/SFRC/Groups/Hydrology/Bradford_Forest_Project/Howley_Bradford_Streams/01_Raw_data/Aqualog_processing/projects/Bradford Streams/eem/10202023,//ad.ufl.edu/ifas/SFRC/Groups/Hydrology/Bradford_Forest_Project/Howley_Bradford_Streams/01_Raw_data/Aqualog_processing/projects/Bradford Streams/abs/10202023/B1S3S5a_09082023.csv,6
B1S4S5_09292023,\\ad.ufl.edu/ifas/SFRC/Groups/Hydrology/Bradford_Forest_Project/Howley_Bradford_Streams/01_Raw_data/Aqualog_processing/projects/Bradford Streams/eem/10202023,//ad.ufl.edu/ifas/SFRC/Groups/Hydrology/Bradford_Forest_Project/Howley_Bradford_Streams/01_Raw_data/Aqualog_processing/projects/Bradford Streams/abs/10202023/B1S4S5_09292023.csv,6
B1S4S6_09082023,\\ad.ufl.edu/ifas/SFRC/Groups/Hydrology/Bradford_Forest_Project/Howley_Bradford_Streams/01_Raw_data/Aqualog_processing/projects/Bradford Streams/eem/10202023,//ad.ufl.edu/ifas/SFRC/Groups/Hydrology/Bradford_Forest_Project/Howley_Bradford_Streams/01_Raw_data/Aqualog_processing/projects/Bradford Streams/abs/10202023/B1S4S6_09082023.csv,6
B1S5S6a_09082023,\\ad.ufl.edu/ifas/SFRC/Groups/Hydrology/Bradford_Forest_Project/Howley_Bradford_Streams/01_Raw_data/Aqualog_processing/projects/Bradford Streams/eem/10202023,//ad.ufl.edu/ifas/SFRC/Groups/Hydrology/Bradford_Forest_Project/Howley_Bradford_Streams/01_Raw_data/Aqualog_processing/projects/Bradford Streams/abs/10202023/B1S5S6a_09082023.csv,6
B2S10S14_09292023,\\ad.ufl.edu/ifas/SFRC/Groups/Hydrology/Bradford_Forest_Project/Howley_Bradford_Streams/01_Raw_data/Aqualog_processing/projects/Bradford Streams/eem/10202023,//ad.ufl.edu/ifas/SFRC/Groups/Hydrology/Bradford_Forest_Project/Howley_Bradford_Streams/01_Raw_data/Aqualog_processing/projects/Bradford Streams/abs/10202023/B2S10S14_09292023.csv,6
B2S11S15_09292023,\\ad.ufl.edu/ifas/SFRC/Groups/Hydrology/Bradford_Forest_Project/Howley_Bradford_Streams/01_Raw_data/Aqualog_processing/projects/Bradford Streams/eem/10202023,//ad.ufl.edu/ifas/SFRC/Groups/Hydrology/Bradford_Forest_Project/Howley_Bradford_Streams/01_Raw_data/Aqualog_processing/projects/Bradford Streams/abs/10202023/B2S11S15_09292023.csv,6
B2S5S5a_09292023,\\ad.ufl.edu/ifas/SFRC/Groups/Hydrology/Bradford_Forest_Project/Howley_Bradford_Streams/01_Raw_data/Aqualog_processing/projects/Bradford Streams/eem/10202023,//ad.ufl.edu/ifas/SFRC/Groups/Hydrology/Bradford_Forest_Project/Howley_Bradford_Streams/01_Raw_data/Aqualog_processing/projects/Bradford Streams/abs/10202023/B2S5S5a_09292023.csv,6
B2S6S6_09292023,\\ad.ufl.edu/ifas/SFRC/Groups/Hydrology/Bradford_Forest_Project/Howley_Bradford_Streams/01_Raw_data/Aqualog_processing/projects/Bradford Streams/eem/10202023,//ad.ufl.edu/ifas/SFRC/Groups/Hydrology/Bradford_Forest_Project/Howley_Bradford_Streams/01_Raw_data/Aqualog_processing/projects/Bradford Streams/abs/10202023/B2S6S6_09292023.csv,6
B2S6S7_09082023,\\ad.ufl.edu/ifas/SFRC/Groups/Hydrology/Bradford_Forest_Project/Howley_Bradford_Streams/01_Raw_data/Aqualog_processing/projects/Bradford Streams/eem/10202023,//ad.ufl.edu/ifas/SFRC/Groups/Hydrology/Bradford_Forest_Project/Howley_Bradford_Streams/01_Raw_data/Aqualog_processing/projects/Bradford Streams/abs/10202023/B2S6S7_09082023.csv,6
B2S7S7_09292023,\\ad.ufl.edu/ifas/SFRC/Groups/Hydrology/Bradford_Forest_Project/Howley_Bradford_Streams/01_Raw_data/Aqualog_processing/projects/Bradford Streams/eem/10202023,//ad.ufl.edu/ifas/SFRC/Groups/Hydrology/Bradford_Forest_Project/Howley_Bradford_Streams/01_Raw_data/Aqualog_processing/projects/Bradford Streams/abs/10202023/B2S7S7_09292023.csv,6
B2S7S9_09082023,\\ad.ufl.edu/ifas/SFRC/Groups/Hydrology/Bradford_Forest_Project/Howley_Bradford_Streams/01_Raw_data/Aqualog_processing/projects/Bradford Streams/eem/10202023,//ad.ufl.edu/ifas/SFRC/Groups/Hydrology/Bradford_Forest_Project/Howley_Bradford_Streams/01_Raw_data/Aqualog_processing/projects/Bradford Streams/abs/10202023/B2S7S9_09082023.csv,6
B2S8S13_09082023,\\ad.ufl.edu/ifas/SFRC/Groups/Hydrology/Bradford_Forest_Project/Howley_Bradford_Streams/01_Raw_data/Aqualog_processing/projects/Bradford Streams/eem/10202023,//ad.ufl.edu/ifas/SFRC/Groups/Hydrology/Bradford_Forest_Project/Howley_Bradford_Streams/01_Raw_data/Aqualog_processing/projects/Bradford Streams/abs/10202023/B2S8S13_09082023.csv,6
B2S8S9_09292023,\\ad.ufl.edu/ifas/SFRC/Groups/Hydrology/Bradford_Forest_Project/Howley_Bradford_Streams/01_Raw_data/Aqualog_processing/projects/Bradford Streams/eem/10202023,//ad.ufl.edu/ifas/SFRC/Groups/Hydrology/Bradford_Forest_Project/Howley_Bradford_Streams/01_Raw_data/Aqualog_processing/projects/Bradford Streams/abs/10202023/B2S8S9_09292023.csv,6
B2S9S13_09292023,\\ad.ufl.edu/ifas/SFRC/Groups/Hydrology/Bradford_Forest_Project/Howley_Bradford_Streams/01_Raw_data/Aqualog_processing/projects/Bradford Streams/eem/10202023,//ad.ufl.edu/ifas/SFRC/Groups/Hydrology/Bradford_Forest_Project/Howley_Bradford_Streams/01_Raw_data/Aqualog_processing/projects/Bradford Streams/abs/10202023/B2S9S13_09292023.csv,6
B2S9S14_09082023,\\ad.ufl.edu/ifas/SFRC/Groups/Hydrology/Bradford_Forest_Project/Howley_Bradford_Streams/01_Raw_data/Aqualog_processing/projects/Bradford Streams/eem/10202023,//ad.ufl.edu/ifas/SFRC/Groups/Hydrology/Bradford_Forest_Project/Howley_Bradford_Streams/01_Raw_data/Aqualog_processing/projects/Bradford Streams/abs/10202023/B2S9S14_09082023.csv,6
B2S9S14_09082023_blank,\\ad.ufl.edu/ifas/SFRC/Groups/Hydrology/Bradford_Forest_Project/Howley_Bradford_Streams/01_Raw_data/Aqualog_processing/projects/Bradford Streams/eem/10202023,NA,1
